feature,importance
sentiment_score,0.5898178909716667
sentiment_bin,0.374274162700252
total_closed_pnl,0.009281042765310046
total_size,0.008764035665192235
trades,0.006923215735392764
buy_trades,0.005673959074133757
sell_trades,0.0052656930880524335
